M;Racine
M;Fleur
M;Fleur
M;Feuille
M;Feuille
M;Feuille
M;Feuille
M;Fruit
M;Racine
M;Racine
D;Fleur
D;Fleur
D;Feuille
D;Fruit
D;Fruit
D;Fruit
D;Racine
D;Racine
D;Racine
D;Racine
D;Fleur
D;Fleur
D;Feuille
D;Feuille
D;Fruit
M;Fruit
M;Racine
M;Racine
M;ND
M;Fleur
M;Fleur
M;Feuille
M;Feuille
M;Feuille
M;Fruit
M;Racine
M;Racine
M;Racine
D;Fleur
D;Feuille
D;Feuille
D;NA
D;Fruit
D;Racine
D;Racine
D;Racine
D;Racine
D;Fleur
D;Fleur
D;Feuille
D;Feuille
D;Fruit
M;Fruit
M;Fruit
M;Racine
M;Racine
M;ND
M;Fleur
M;Feuille
M;Feuille
M;Feuille
M;Fruit
M;Racine
M;Racine
M;Racine
D;Fleur
D;Fleur
D;Feuille
D;Fruit
D;NA
D;Fruit
D;Racine
D;Racine
D;Racine
D;Fleur
D;Fleur
D;Feuille
D;Feuille
D;Fruit
M;Fruit
M;Fruit
M;Racine
M;Racine
M;ND
M;Fleur
M;Feuille
M;Feuille
M;Feuille
M;Fruit
M;Racine
M;Racine
M;Racine
D;Fleur
D;Fleur
D;Feuille
D;Fruit
D;NA
D;Fruit
D;Racine
D;Racine
D;Racine
D;Racine
D;Fleur
D;Fleur
D;Feuille
D;Feuille
D;Fruit
M;Fruit
M;Fruit
M;Racine
M;Racine
M;ND
M;Fleur
M;Feuille
M;Feuille
M;Feuille
M;Fruit
M;Racine
M;Racine
M;Racine
D;Fleur
D;Feuille
D;Feuille
D;NA
D;Fruit
D;Racine
D;Racine
D;Racine
D;Racine
D;Fleur
D;Fleur
D;Feuille
D;Feuille
D;Fruit
M;Fruit
M;Fruit
M;Racine
M;Racine
M;ND
M;Fleur
M;Feuille
M;Feuille
M;Feuille
M;Fruit
M;Racine
M;Racine
M;Racine
D;Fleur
D;Feuille
D;Feuille
D;NA
D;Fruit
D;Fruit
D;Racine
D;Racine
D;Racine
D;Fleur
D;Fleur
D;Feuille
D;Feuille
D;Fruit
M;Fruit
M;Fruit
M;Racine
M;Racine
M;ND
M;Fleur
M;Fleur
M;Feuille
M;Feuille
M;Feuille
M;Fruit
M;Racine
M;Racine
D;Fleur
D;Fleur
D;Feuille
D;NA
D;Fruit
D;Fruit
D;Racine
D;Racine
D;Racine
D;Fleur
D;Fleur
D;Feuille
D;Feuille
D;Feuille
D;Fruit
M;Fruit
M;Racine
M;Racine
M;ND
M;Fleur
M;Fleur
M;Feuille
M;Feuille
M;Feuille
M;Fruit
M;Racine
M;Racine
M;Racine
D;Fleur
D;Fleur
D;Feuille
D;NA
D;Fruit
D;Racine
D;Racine
D;Racine
D;Racine
D;Fleur
D;Fleur
D;Feuille
D;Feuille
D;Fruit
M;Fruit
M;Fruit
M;Racine
M;ND
M;Fleur
M;Fleur
M;Feuille
M;Feuille
M;Feuille
M;Fruit
M;Racine
M;Racine
M;Racine
D;Fleur
D;Fleur
D;Feuille
D;NA
D;Fruit
D;Fruit
D;Racine
D;Racine
D;Racine
D;Fleur
D;Fleur
D;Feuille
D;Feuille
D;Fruit
M;Fruit
M;Fruit
M;Racine
M;ND
M;Fleur
M;Fleur
M;Feuille
M;Feuille
M;Feuille
M;Feuille
M;Fruit
M;Racine
M;Racine
D;Fleur
D;Fleur
D;Feuille
D;NA
D;Fruit
D;Fruit
D;Racine
D;Racine
D;Racine
D;Fleur
D;Fleur
D;Feuille
D;Feuille
D;Fruit
D;Fruit
M;Fruit
M;Racine
M;Racine
M;ND
M;Fleur
M;Fleur
M;Feuille
M;Feuille
M;Feuille
M;Fruit
M;Racine
M;Racine
M;Racine
D;Fleur
D;Feuille
D;Feuille
D;NA
D;Fruit
D;Racine
D;Racine
D;Racine
D;Racine
D;Fleur
D;Fleur
D;Feuille
D;Feuille
D;Fruit
M;Fruit
M;Fruit
M;Racine
M;ND
M;Fleur
M;Fleur
M;Feuille
M;Feuille
M;Feuille
M;Fruit
M;Racine
M;Racine
M;Racine
D;Fleur
D;Feuille
D;NA
D;Fruit
D;Fruit
D;Racine
D;Racine
D;Racine
D;Racine
D;Fleur
D;Fleur
D;Feuille
D;Feuille
D;Fruit
M;Fruit
M;Fruit
M;Racine
M;ND
M;Fleur
M;Fleur
M;Fleur
M;Feuille
M;Feuille
M;Feuille
M;Fruit
M;Racine
M;Racine
D;Fleur
D;Fleur
D;Feuille
D;NA
D;Fruit
D;Fruit
D;Racine
D;Racine
D;Racine
D;Fleur
D;Fleur
D;Feuille
D;Feuille
D;Fruit
M;Fruit
M;Fruit
M;Racine
M;ND
M;Fleur
M;Fleur
M;Fleur
M;Feuille
M;Feuille
M;Feuille
M;Fruit
M;Racine
M;Racine
